hand_id,review_url,start_seconds,end_seconds,top_cards,bottom_cards,board,pot
hcl_ivey_dwan_garrett_001,https://www.youtube.com/watch?v=bG7K_zq0MoQ&t=2330s,2330,2540,Tc 4d,Th 6d,Jh 7h Ah Jd 5s,
hcl_ivey_dwan_garrett_004,https://www.youtube.com/watch?v=bG7K_zq0MoQ&t=3036s,3036,3246,Kh 3h,4s 2h,5c 6c Js,
hcl_ivey_dwan_garrett_006,https://www.youtube.com/watch?v=bG7K_zq0MoQ&t=3603s,3603,3813,As 9c,4s 2h,Jh 5c 2c,
hcl_ivey_dwan_garrett_008,https://www.youtube.com/watch?v=bG7K_zq0MoQ&t=4089s,4089,4299,Kh 9c,8h 6d,Jh 5c 6c Js,
hcl_ivey_dwan_garrett_009,https://www.youtube.com/watch?v=bG7K_zq0MoQ&t=4300s,4300,4510,As Jc,8d 6d,Jh 5c 6c Js,
hcl_ivey_dwan_garrett_010,https://www.youtube.com/watch?v=bG7K_zq0MoQ&t=4568s,4568,4778,Kh Jc,8c 3c,Jh 5c 6c Js,
hcl_ivey_dwan_garrett_011,https://www.youtube.com/watch?v=bG7K_zq0MoQ&t=4836s,4836,5046,Kh 3h,4s 2h,Jh 5c 6c Js,
hcl_ivey_dwan_garrett_012,https://www.youtube.com/watch?v=bG7K_zq0MoQ&t=5087s,5087,5297,Kh Qd,4s 2h,Jh 5c 6c Js,
hcl_ivey_dwan_garrett_013,https://www.youtube.com/watch?v=bG7K_zq0MoQ&t=5360s,5360,5570,Kh Td,4s 6d,Jh 5c 6c Js,
hcl_ivey_dwan_garrett_014,https://www.youtube.com/watch?v=bG7K_zq0MoQ&t=5572s,5572,5782,As Jc,8h 3c,Jh 5c 6c Js,
hcl_ivey_dwan_garrett_015,https://www.youtube.com/watch?v=bG7K_zq0MoQ&t=5799s,5799,6009,5h Jc,4s 3c,Jh 5c Ah 2c,
hcl_ivey_dwan_garrett_017,https://www.youtube.com/watch?v=bG7K_zq0MoQ&t=6277s,6277,6487,Kh Qd,8h 3c,Jh 5c Ah Js,
hcl_ivey_dwan_garrett_018,https://www.youtube.com/watch?v=bG7K_zq0MoQ&t=6526s,6526,6736,Kh 3h,4s 2h,Jh 5c 6c Js 5s,
hcl_ivey_dwan_garrett_019,https://www.youtube.com/watch?v=bG7K_zq0MoQ&t=6777s,6777,6987,As 3h,3s 6d,Jh 5c 6c Js,
hcl_ivey_dwan_garrett_020,https://www.youtube.com/watch?v=bG7K_zq0MoQ&t=7020s,7020,7230,As Qc,3s 3c,Jh 5c Ah Js,
hcl_ivey_dwan_garrett_021,https://www.youtube.com/watch?v=bG7K_zq0MoQ&t=7252s,7252,7462,As 5d,3s 6d,Jh 5c Ah 2c,
hcl_ivey_dwan_garrett_022,https://www.youtube.com/watch?v=bG7K_zq0MoQ&t=7472s,7472,7682,Kh Td,4s 2h,Jh 5c Ah,
hcl_ivey_dwan_garrett_024,https://www.youtube.com/watch?v=bG7K_zq0MoQ&t=7915s,7915,8125,Kh 9c,8h 6d,Jh 5c Ah Js,
hcl_ivey_dwan_garrett_025,https://www.youtube.com/watch?v=bG7K_zq0MoQ&t=8143s,8143,8353,As 2d,4s 2h,Jh 5c 2c Js 5s,
hcl_ivey_dwan_garrett_026,https://www.youtube.com/watch?v=bG7K_zq0MoQ&t=8354s,8354,8564,As Td,3s 6d,Jh 5c Ah 3d,
hcl_ivey_dwan_garrett_027,https://www.youtube.com/watch?v=bG7K_zq0MoQ&t=8597s,8597,8807,As 7s,4s 2h,Jh 5c Ah Js,
hcl_ivey_dwan_garrett_028,https://www.youtube.com/watch?v=bG7K_zq0MoQ&t=8807s,8807,9017,Kh Td,4s 2h,Jh 5c Ah,
hcl_ivey_dwan_garrett_029,https://www.youtube.com/watch?v=bG7K_zq0MoQ&t=9095s,9095,9305,Kh Td,4s 2h,Jh 5c Ah 2c,
hcl_ivey_dwan_garrett_030,https://www.youtube.com/watch?v=bG7K_zq0MoQ&t=9424s,9424,9634,Kh Jc,8h 3c,Jh 7h Ah Js,
hcl_ivey_dwan_garrett_031,https://www.youtube.com/watch?v=bG7K_zq0MoQ&t=9660s,9660,9870,As 7s,4s 2h,Jh 5c 6c Js,
hcl_ivey_dwan_garrett_036,https://www.youtube.com/watch?v=bG7K_zq0MoQ&t=10906s,10906,11116,Kh Td,3s 6d,Jh 5c 2c Js,
hcl_ivey_dwan_garrett_037,https://www.youtube.com/watch?v=bG7K_zq0MoQ&t=11141s,11141,11351,As Td,3s 3c,Jh 5c Ah Js,
hcl_ivey_dwan_garrett_038,https://www.youtube.com/watch?v=bG7K_zq0MoQ&t=11354s,11354,11564,As Qd,3s 3c,Jh 5c Ah Js,
hcl_ivey_dwan_garrett_039,https://www.youtube.com/watch?v=bG7K_zq0MoQ&t=11636s,11636,11846,Kh Td,4s 2h,Jh 5c 6c Js,
hcl_ivey_dwan_garrett_040,https://www.youtube.com/watch?v=bG7K_zq0MoQ&t=11847s,11847,12057,Kh Td,4s 6d,Jh 5c 6c Js,
hcl_ivey_dwan_garrett_041,https://www.youtube.com/watch?v=bG7K_zq0MoQ&t=12066s,12066,12276,Kh Td,4s 2h,Jh 5c Ah 2c,
hcl_ivey_dwan_garrett_042,https://www.youtube.com/watch?v=bG7K_zq0MoQ&t=12310s,12310,12520,As 9c,3s 6d,Jh 5c 6c Js,
hcl_ivey_dwan_garrett_044,https://www.youtube.com/watch?v=bG7K_zq0MoQ&t=12876s,12876,13086,As Jc,3s 2h,5c 6c Js 5s,
hcl_ivey_dwan_garrett_047,https://www.youtube.com/watch?v=bG7K_zq0MoQ&t=13635s,13635,13845,Kc Jc,4s 2h,Jh 5c Ah Js,
hcl_ivey_dwan_garrett_049,https://www.youtube.com/watch?v=bG7K_zq0MoQ&t=14091s,14091,14301,As Td,4s 2h,Jh 5c 2c Js,
hcl_ivey_dwan_garrett_050,https://www.youtube.com/watch?v=bG7K_zq0MoQ&t=14310s,14310,14520,Kh Td,8c 3c,Jh 5c Ah 2c,
hcl_ivey_dwan_garrett_051,https://www.youtube.com/watch?v=bG7K_zq0MoQ&t=14823s,14823,15033,Kh 3h,3s 6d,Jh 5c 6c Js,
hcl_ivey_dwan_garrett_052,https://www.youtube.com/watch?v=bG7K_zq0MoQ&t=15039s,15039,15249,Kh Jc,8h 6d,Jh 7h 2c Js,
hcl_ivey_dwan_garrett_053,https://www.youtube.com/watch?v=bG7K_zq0MoQ&t=15274s,15274,15484,As Jc,8c 3c,Jh 5c 6c Js,
hcl_ivey_dwan_garrett_054,https://www.youtube.com/watch?v=bG7K_zq0MoQ&t=15656s,15656,15866,Kc Td,3s 3c,Jh 5c 6c Js 5s,
hcl_ivey_dwan_garrett_055,https://www.youtube.com/watch?v=bG7K_zq0MoQ&t=15872s,15872,16082,As Td,8h 6d,Jh 5c 6c Js,
hcl_ivey_dwan_garrett_057,https://www.youtube.com/watch?v=bG7K_zq0MoQ&t=16350s,16350,16560,Kh 5d,4s 2h,Jh 5c,
hcl_ivey_dwan_garrett_058,https://www.youtube.com/watch?v=bG7K_zq0MoQ&t=16562s,16562,16772,Kh Jc,4s 3c,Jh 5c Ah Js,
hcl_ivey_dwan_garrett_059,https://www.youtube.com/watch?v=bG7K_zq0MoQ&t=16799s,16799,17009,As Qc,3s 3c,Jh 7h Ah 3d,
hcl_ivey_dwan_garrett_060,https://www.youtube.com/watch?v=bG7K_zq0MoQ&t=17026s,17026,17236,As 9c,3s 6d,Jh 5c Ah,
hcl_ivey_dwan_garrett_061,https://www.youtube.com/watch?v=bG7K_zq0MoQ&t=17424s,17424,17634,5h 5d,8h 6d,5c Ah 3d,
hcl_ivey_dwan_garrett_062,https://www.youtube.com/watch?v=bG7K_zq0MoQ&t=17646s,17646,17856,As 9c,4s 2h,Jh 5c Ah,
hcl_ivey_dwan_garrett_064,https://www.youtube.com/watch?v=bG7K_zq0MoQ&t=18170s,18170,18380,Kh Td,8h 3c,6c Js,
hcl_ivey_dwan_garrett_065,https://www.youtube.com/watch?v=bG7K_zq0MoQ&t=18443s,18443,18653,Kh Td,3s 6d,Jh 5c 6c Js,
hcl_ivey_dwan_garrett_067,https://www.youtube.com/watch?v=bG7K_zq0MoQ&t=19040s,19040,19250,Kh 9c,8h 6d,Jh 5c Ah Js,
hcl_ivey_dwan_garrett_068,https://www.youtube.com/watch?v=bG7K_zq0MoQ&t=19253s,19253,19463,Kh Td,4s 2h,Jh 5c Ah Js,
hcl_ivey_dwan_garrett_069,https://www.youtube.com/watch?v=bG7K_zq0MoQ&t=19474s,19474,19684,Kh 3h,3s 3c,Jh 5c 6c Js,
hcl_ivey_dwan_garrett_070,https://www.youtube.com/watch?v=bG7K_zq0MoQ&t=19729s,19729,19939,Kh Td,8d 3c,Jh 5c 6c Js,
hcl_ivey_dwan_garrett_071,https://www.youtube.com/watch?v=bG7K_zq0MoQ&t=20037s,20037,20247,As Jc,8h 6d,Jh 5c 6c Js,
hcl_ivey_dwan_garrett_072,https://www.youtube.com/watch?v=bG7K_zq0MoQ&t=20445s,20445,20655,Kh 9c,4s 6d,,
hcl_ivey_dwan_garrett_073,https://www.youtube.com/watch?v=bG7K_zq0MoQ&t=20722s,20722,20932,As Td,3s 3c,Jh 5c Ah,
hcl_ivey_dwan_garrett_074,https://www.youtube.com/watch?v=bG7K_zq0MoQ&t=20939s,20939,21149,Kh Td,3s 3c,Jh 5c Ah Js,
hcl_ivey_dwan_garrett_075,https://www.youtube.com/watch?v=bG7K_zq0MoQ&t=21157s,21157,21367,Kc 3h,4s 6d,Jh 5c Ah Js,
hcl_ivey_dwan_garrett_076,https://www.youtube.com/watch?v=bG7K_zq0MoQ&t=21367s,21367,21577,As 7s,4s 2h,Jh 5c 6c Js 5s,
hcl_ivey_dwan_garrett_078,https://www.youtube.com/watch?v=bG7K_zq0MoQ&t=21831s,21831,22041,Kc Td,8h 3c,Jh 5c Ah,
hcl_ivey_dwan_garrett_082,https://www.youtube.com/watch?v=bG7K_zq0MoQ&t=22864s,22864,23074,Kh 9c,3s 6d,Jh 5c 6c Js,
hcl_ivey_dwan_garrett_084,https://www.youtube.com/watch?v=bG7K_zq0MoQ&t=23351s,23351,23561,As Td,3s 3c,Jh 7h Ah Jd,
hcl_ivey_dwan_garrett_085,https://www.youtube.com/watch?v=bG7K_zq0MoQ&t=23699s,23699,23909,Kh 3h,4s 2h,7h 6c Js 5s,
hcl_ivey_dwan_garrett_086,https://www.youtube.com/watch?v=bG7K_zq0MoQ&t=23964s,23964,24174,Kh 3h,3s 3c,Jh 5c 6c Js,
hcl_ivey_dwan_garrett_087,https://www.youtube.com/watch?v=bG7K_zq0MoQ&t=24211s,24211,24421,Kh Qc,3s 6d,Jh 5c 2c Js,
hcl_ivey_dwan_garrett_088,https://www.youtube.com/watch?v=bG7K_zq0MoQ&t=24422s,24422,24632,As 3h,8c 6d,Jh 5c Ah Js,
hcl_ivey_dwan_garrett_089,https://www.youtube.com/watch?v=bG7K_zq0MoQ&t=24671s,24671,24881,Kh 3h,3s 3c,Jh 5c 2c Js,
hcl_ivey_dwan_garrett_090,https://www.youtube.com/watch?v=bG7K_zq0MoQ&t=24975s,24975,25185,As 3h,4s 2h,Jh 5c Ah Js,
hcl_ivey_dwan_garrett_091,https://www.youtube.com/watch?v=bG7K_zq0MoQ&t=25241s,25241,25451,Kh 2d,4s 6d,Jh 5c Ah 2c,
hcl_ivey_dwan_garrett_092,https://www.youtube.com/watch?v=bG7K_zq0MoQ&t=25457s,25457,25667,As 9c,8c 3c,5c Ah,
hcl_ivey_dwan_garrett_093,https://www.youtube.com/watch?v=bG7K_zq0MoQ&t=25672s,25672,25882,As Td,Qs 3c,5c Ah 2c,
hcl_ivey_dwan_garrett_094,https://www.youtube.com/watch?v=bG7K_zq0MoQ&t=25949s,25949,26159,Kh 7s,3s 6d,Jh 5c 2c Js,
hcl_ivey_dwan_garrett_095,https://www.youtube.com/watch?v=bG7K_zq0MoQ&t=26187s,26187,26397,5h 2d,3s 3c,Jh 5c 2c,
hcl_ivey_dwan_garrett_096,https://www.youtube.com/watch?v=bG7K_zq0MoQ&t=26410s,26410,26620,As 7s,4s 2h,Jh 5c 6c Js,
hcl_ivey_dwan_garrett_097,https://www.youtube.com/watch?v=bG7K_zq0MoQ&t=26622s,26622,26832,Kh Td,3s 6d,5c 6c Js,
