hand_id,top_player,bottom_player,top_cards,bottom_cards,board,winner,actions
hcl_ivey_dwan_garrett_dense_001,unknown,unknown,Tc 4d,Th 6d,Jh 7h Ah Jd 5s,split,GARRETT bet
hcl_ivey_dwan_garrett_dense_002,MATT,unknown,As Td,3s 6d,Jh 5c Ah Js,,
hcl_ivey_dwan_garrett_dense_007,GARRETT,unknown,Kh 3h,4s 2h,5c 6c Js,,GARRETT bets | LUCKY call
hcl_ivey_dwan_garrett_dense_010,unknown,unknown,As 9c,8c 3c,Jh 5c Ah 2c,,
hcl_ivey_dwan_garrett_dense_011,MATT,LUCKY,As 9c,4s 2h,Jh 5c 2c,,
hcl_ivey_dwan_garrett_dense_014,GARRETT,LUCKY,Kh 9c,8h 6d,Jh 5c 6c Js,,
hcl_ivey_dwan_garrett_dense_015,unknown,unknown,As Jc,4s 6d,Jh 5c 6c Js,,
hcl_ivey_dwan_garrett_dense_016,unknown,unknown,Kh Jc,3s 3c,Jh 6c Js 5s,,
hcl_ivey_dwan_garrett_dense_017,unknown,unknown,Kh Jc,4s 2h,Jh 6c Js 5s,,
hcl_ivey_dwan_garrett_dense_018,unknown,unknown,As 9c,4s 3c,5c Ah,,PHIL check
hcl_ivey_dwan_garrett_dense_019,unknown,unknown,As Td,8d 3c,Jh 5c 6c Js,,PHIL check | DR ELI call
hcl_ivey_dwan_garrett_dense_020,unknown,unknown,Kh 3h,4s 2h,Jh 5c 6c Js,,PHIL check | DR ELI call | DYLAN bets | DYLAN bet | DYLAN bets
hcl_ivey_dwan_garrett_dense_021,KRISH,DYLAN,Kh Qd,4s 6d,Jh 5c 6c Js,,DYLAN bets | DYLAN bet | DYLAN bets | DYLAN call
hcl_ivey_dwan_garrett_dense_022,unknown,unknown,Kh Qd,4s 2h,Jh 5c 6c Js,,DYLAN call | LUCKY bet | DYLAN calls
hcl_ivey_dwan_garrett_dense_023,unknown,unknown,Kh Td,4s 6d,Jh 5c 2c Js,,LUCKY bet | DYLAN calls
hcl_ivey_dwan_garrett_dense_024,unknown,unknown,Kh Td,4s 6d,Jh 5c 6c Js,,LUCKY bet
hcl_ivey_dwan_garrett_dense_025,unknown,LUCKY,As Td,4s 2h,Jh 5c 6c Js,,LUCKY bet | GARRETT raise
hcl_ivey_dwan_garrett_dense_026,GARRETT,LUCKY,As Jc,4s 3c,Jh 5c Ah 2c,,GARRETT raise | LUCKY calls | LUCKY bet
hcl_ivey_dwan_garrett_dense_027,GARRETT,unknown,5h Jc,4s 3c,Jh 5c Ah 2c,,LUCKY bet
hcl_ivey_dwan_garrett_dense_028,unknown,GARRETT,Kh Jc,8h 3c,Jh 5c Ah Js,,
hcl_ivey_dwan_garrett_dense_030,unknown,unknown,5h 2d,3s 2h,Jh 5c Ah Js,,GARRETT bets
hcl_ivey_dwan_garrett_dense_031,DR ELI,KRISH,Kh Qd,8h 3c,Jh 5c Ah Js,,
hcl_ivey_dwan_garrett_dense_032,KRISH,unknown,Kh 3h,4s 3c,Jh 5c 6c Js,,
hcl_ivey_dwan_garrett_dense_033,DYLAN,unknown,Kh 3h,4s 2h,Jh 5c 6c Js 5s,DYLAN,
hcl_ivey_dwan_garrett_dense_035,LUCKY,DYLAN,As 3h,3s 6d,Jh 5c 6c Js,,
hcl_ivey_dwan_garrett_dense_036,unknown,unknown,As 7s,3s 6d,Jh 5c Ah Js,,DYLAN raise
hcl_ivey_dwan_garrett_dense_037,unknown,unknown,As Qc,3s 3c,Jh 5c Ah Js,,DYLAN raise
hcl_ivey_dwan_garrett_dense_038,unknown,unknown,As 2d,3s 3c,Jh 5c Ah Js,,LUCKY call
hcl_ivey_dwan_garrett_dense_039,unknown,unknown,As 5d,3s 6d,Jh 5c Ah 2c,,LUCKY call | GARRETT bets
hcl_ivey_dwan_garrett_dense_040,unknown,LUCKY,As Qc,3s 6d,Jh 5c Ah Js,,GARRETT bets
hcl_ivey_dwan_garrett_dense_041,unknown,unknown,As Td,8h 6d,Jh 5c Ah 2c 5s,unknown,
hcl_ivey_dwan_garrett_dense_042,unknown,MATT,As Td,4s 2h,Jh 5c Ah Js,,
hcl_ivey_dwan_garrett_dense_044,LUCKY,DYLAN,Kh 9c,8h 6d,Jh 5c Ah Js,,
hcl_ivey_dwan_garrett_dense_045,LUCKY,unknown,Kh 3h,4s 2h,Jh 5c 6c Js,,LUCKY bet
hcl_ivey_dwan_garrett_dense_046,unknown,unknown,As 2d,4s 2h,Jh 5c 2c Js 5s,unknown,LUCKY bet | DYLAN bet | DYLAN call
hcl_ivey_dwan_garrett_dense_047,unknown,unknown,As 2d,3s 6d,Jh 5c Ah 3d,,DYLAN bet | DYLAN call | DYLAN call
hcl_ivey_dwan_garrett_dense_048,unknown,unknown,As Td,3s 2h,Jh 5c Ah 3d,,DYLAN bet | DYLAN call | DYLAN call
hcl_ivey_dwan_garrett_dense_049,unknown,DYLAN,As 5d,8h 6d,Jh 5c Ah 3d,,
hcl_ivey_dwan_garrett_dense_050,unknown,unknown,As 7s,4s 2h,Jh 5c Ah Js,,
hcl_ivey_dwan_garrett_dense_051,unknown,DR ELI,Kh 9c,4s 2h,Jh 5c Ah Js 5s,split,DR ELI raise | unknown check | unknown check | DR ELI check | GARRETT calls
hcl_ivey_dwan_garrett_dense_052,unknown,unknown,Kh 3h,4s 2h,Jh 5c Ah,,unknown call | unknown raise | unknown fold | unknown call | unknown call | unknown bet | unknown call | GARRETT calls
hcl_ivey_dwan_garrett_dense_053,DR ELI,GARRETT,Kh Td,8c 6d,Jh 5c Ah 2c,,DR ELI check | GARRETT call | GARRETT call | DR ELI call | DR ELI check
hcl_ivey_dwan_garrett_dense_054,DR ELI,GARRETT,Kh Td,4s 2h,Jh 5c Ah 2c,,GARRETT call | DR ELI bet | GARRETT call | DR ELI check | GARRETT call
hcl_ivey_dwan_garrett_dense_055,unknown,LUCKY,Kh Td,4s 2h,Jh 5c Ah 2c,,unknown fold | unknown raise | LUCKY call | LUCKY fold | LUCKY call
hcl_ivey_dwan_garrett_dense_056,unknown,LUCKY,Kh Td,4s 2h,Jh 5c Ah Js,,unknown raise | LUCKY call | LUCKY fold | LUCKY call | unknown call | LUCKY bet
hcl_ivey_dwan_garrett_dense_057,unknown,unknown,Kh Jc,8h 3c,Jh 7h Ah Js,,unknown call | unknown raise | unknown call | unknown bet | unknown call
hcl_ivey_dwan_garrett_dense_058,unknown,unknown,As Td,4s 2h,Jh 7h 6c Js,,unknown call | unknown raise | unknown call | unknown bet | unknown call | unknown check | GARRETT call | LUCKY call
hcl_ivey_dwan_garrett_dense_059,unknown,unknown,As Td,4s 2h,Jh 5c 6c Js,,unknown raise | unknown bet | unknown check | unknown call | GARRETT call | LUCKY call
hcl_ivey_dwan_garrett_dense_062,unknown,unknown,As Td,4s 2h,Jh 7h 6c Js,,unknown call | unknown fold | unknown call | unknown raise | unknown check | unknown raise | LUCKY call | GARRETT raises | GARRETT checks
hcl_ivey_dwan_garrett_dense_063,unknown,unknown,As 7s,4s 2h,Jh 7h 6c Js,,unknown call | unknown raise | unknown call | unknown raise | unknown bet | GARRETT checks
hcl_ivey_dwan_garrett_dense_069,unknown,unknown,Kh Td,3s 6d,Jh 5c 2c Js,,unknown call | unknown bet | unknown fold | unknown call | unknown call
hcl_ivey_dwan_garrett_dense_070,DR ELI,unknown,As Td,3s 3c,Jh 5c Ah Js,,DR ELI call | DR ELI call | DR ELI call | unknown bet | DR ELI call
hcl_ivey_dwan_garrett_dense_071,unknown,unknown,As Td,4s 3c,Jh 5c Ah Js,,unknown bet | unknown call | unknown fold | unknown call | unknown call | unknown check | unknown check | unknown fold | DR ELI calls
hcl_ivey_dwan_garrett_dense_072,unknown,unknown,As Qd,3s 3c,Jh 5c Ah Js,,unknown call | unknown check | unknown check | unknown fold | unknown bet | unknown call | unknown bet | unknown call | unknown check | DR ELI calls | GARRETT bet
hcl_ivey_dwan_garrett_dense_073,GARRETT,MATT,As Qd,8h 3c,Jh 5c Ah Js,,GARRETT bet | MATT call | GARRETT bet | MATT call | GARRETT check | GARRETT check | GARRETT bet | LUCKY folds
hcl_ivey_dwan_garrett_dense_074,unknown,unknown,Kh Td,4s 2h,Jh 5c 6c Js,,unknown raise | unknown bet | unknown check | unknown call | unknown call | LUCKY folds | MATT raise | DR ELI check
hcl_ivey_dwan_garrett_dense_075,unknown,unknown,As 7s,4s 2h,Jh 5c 6c Js,,unknown raise | unknown call | unknown call | unknown bet | unknown bet | unknown call | MATT raise | DR ELI check | GARRETT bet | DYLAN call
hcl_ivey_dwan_garrett_dense_076,unknown,LUCKY,Kh 3h,3s 6d,Jh 5c 6c Js,,LUCKY raise | unknown call | LUCKY bet | unknown raise | GARRETT bet | DYLAN call
hcl_ivey_dwan_garrett_dense_077,unknown,unknown,Kh 3h,4s 2h,Jh 5c 6c Js,,unknown call | unknown bet | unknown raise | unknown call | unknown call | unknown raise
hcl_ivey_dwan_garrett_dense_078,unknown,unknown,Kh Td,4s 2h,Jh 5c 6c Js,,unknown call | unknown raise | unknown fold | unknown call | unknown bet | unknown fold
hcl_ivey_dwan_garrett_dense_079,unknown,unknown,As 9c,3s 6d,Jh 5c 6c Js,,unknown call | unknown call | unknown bet | unknown check
hcl_ivey_dwan_garrett_dense_083,unknown,LUCKY,7d 5d,3s 3c,5c 6c Js 5s,,unknown call | LUCKY raise | unknown call | LUCKY raise | unknown call | LUCKY raise | unknown fold | LUCKY call | unknown check | LUCKY check | LUCKY call
hcl_ivey_dwan_garrett_dense_084,unknown,unknown,As Jc,3s 3c,Jh 5c 6c Js 5s,unknown,unknown fold | unknown call | unknown check | unknown check | unknown call | unknown raise | unknown call | unknown bet
hcl_ivey_dwan_garrett_dense_087,DYLAN,KRISH,Kc Jc,8c 6d,Jh 5c 6c,,DYLAN raise | KRISH call | DYLAN bet | KRISH call | PHIL check
hcl_ivey_dwan_garrett_dense_088,unknown,unknown,Kc Jc,4s 2h,Jh 5c Ah Js,,unknown raise | unknown call | unknown call | unknown raise | unknown check | unknown call | unknown call | unknown call
hcl_ivey_dwan_garrett_dense_090,LUCKY,MATT,As Td,8h 6d,Jh 5c Ah Js,,LUCKY call | MATT call | LUCKY bet | MATT call | LUCKY check | LUCKY bet | MATT call | LUCKY bet | MATT call | LUCKY check | GARRETT call | LUCKY call
hcl_ivey_dwan_garrett_dense_091,LUCKY,MATT,As Td,8h 6d,Jh 5c 2c Js,,LUCKY call | MATT call | LUCKY bet | MATT call | LUCKY check | LUCKY bet | MATT call | LUCKY bet | MATT call | LUCKY bet | MATT call | LUCKY bet | MATT call | GARRETT call | LUCKY call | LUCKY bet
hcl_ivey_dwan_garrett_dense_092,unknown,MATT,As Td,4s 2h,Jh 2c,,unknown bet | MATT call | unknown bet | MATT call | MATT call | MATT raise | MATT check | LUCKY bet | DYLAN call
hcl_ivey_dwan_garrett_dense_093,unknown,GARRETT,As 3h,4s 2h,Jh 5c Ah Js,,GARRETT raise | unknown call | GARRETT bet | DYLAN call
hcl_ivey_dwan_garrett_dense_094,unknown,GARRETT,Kh Td,8d 6d,Jh 5c Ah 2c,,unknown check
hcl_ivey_dwan_garrett_dense_095,unknown,KRISH,Kh 3h,3s 6d,Jh 5c 6c Js,,unknown check | KRISH call | KRISH raise | unknown call | KRISH bet | unknown bet | KRISH call
hcl_ivey_dwan_garrett_dense_097,GARRETT,unknown,Kh Jc,3s 6d,Jh 7h Ah Js,,GARRETT raise | unknown call | GARRETT bet | unknown call | GARRETT fold | unknown bet
hcl_ivey_dwan_garrett_dense_098,KRISH,MATT,As Jc,8c 3c,Jh 5c 6c Js,,KRISH check | KRISH check | KRISH call | MATT bet | KRISH call | MATT bet | KRISH bet | MATT call | KRISH bet | KRISH call
hcl_ivey_dwan_garrett_dense_099,KRISH,unknown,5h 2d,4s 3c,Jh 5c Ah,,KRISH bet | unknown call | KRISH check | unknown check | unknown fold
hcl_ivey_dwan_garrett_dense_100,unknown,GARRETT,Kc Td,3s 3c,Jh 5c 6c Js 5s,unknown,unknown raise | GARRETT call | unknown bet | GARRETT call | unknown bet | GARRETT call | unknown check | unknown raise | GARRETT call | unknown check | GARRETT raise
hcl_ivey_dwan_garrett_dense_101,unknown,GARRETT,As 7s,4s 2h,Jh 5c 6c Js,,unknown raise | GARRETT call | unknown call | GARRETT bet | GARRETT bet | unknown check | unknown call | GARRETT bet
hcl_ivey_dwan_garrett_dense_102,unknown,GARRETT,As 3h,4s 2h,Jh 5c 6c Js,,unknown call | GARRETT bet | unknown call | GARRETT bet | GARRETT bet | unknown call | GARRETT bet | unknown call | GARRETT bet | unknown raise | unknown raise | GARRETT call | GARRETT call
hcl_ivey_dwan_garrett_dense_105,DYLAN,unknown,As Td,4s 2h,6c,,DYLAN raise | unknown call | unknown fold | unknown call | DYLAN call | unknown call | DYLAN call | unknown bet | GARRETT raises | GARRETT fold | DYLAN raise | DYLAN call
hcl_ivey_dwan_garrett_dense_106,DYLAN,LUCKY,Kh 5d,4s 2h,Jh 5c,,DYLAN call | LUCKY raise | DYLAN call | LUCKY bet | DYLAN bet | LUCKY call | DYLAN bet | LUCKY call | DYLAN call | LUCKY raise | DYLAN raise | DYLAN call | LUCKY all in
hcl_ivey_dwan_garrett_dense_108,DYLAN,unknown,Kh Jc,4s 6d,Jh 5c 6c Js,,DYLAN call | unknown raise | DYLAN call | unknown raise | unknown call | DYLAN check | unknown check
hcl_ivey_dwan_garrett_dense_109,KRISH,GARRETT,Kh 3h,8h 3c,Jh 5c Ah Js,,GARRETT call | KRISH check | GARRETT check | KRISH call | GARRETT bet | KRISH call | GARRETT bet
hcl_ivey_dwan_garrett_dense_110,unknown,unknown,As Qc,3s 6d,Jh 5c Ah 3d,,unknown call | unknown fold | unknown raise | unknown call | GARRETT call
hcl_ivey_dwan_garrett_dense_111,MATT,unknown,As Qc,3s 6d,Jh 7h 2c Js,,unknown call | MATT raise | unknown call | MATT call | MATT call | unknown bet | GARRETT call
hcl_ivey_dwan_garrett_dense_112,MATT,unknown,5h 5d,3s 3c,Jh 7h 2c,,MATT check | MATT call | MATT call | MATT call | unknown call
hcl_ivey_dwan_garrett_dense_113,unknown,MATT,5h 5d,8h 6d,5c Ah 3d,,unknown check | MATT raise
hcl_ivey_dwan_garrett_dense_115,LUCKY,GARRETT,As 9c,8h 6d,Jh 5c 6c Js,,LUCKY check | GARRETT folds
hcl_ivey_dwan_garrett_dense_116,GARRETT,unknown,Kh Td,4s 3c,Jh 5c Ah,,GARRETT check | unknown call | unknown raise
hcl_ivey_dwan_garrett_dense_117,unknown,unknown,5h 2d,4s 2h,5c Ah 2c,,unknown check | unknown call | unknown check | unknown call | unknown raise | unknown fold | GARRETT call | DYLAN bet
hcl_ivey_dwan_garrett_dense_118,MATT,DYLAN,Kh Td,8h 3c,6c Js,,MATT call
hcl_ivey_dwan_garrett_dense_119,LUCKY,unknown,Kh Td,3s 3c,Jh 5c 6c Js,,LUCKY call | unknown raise | LUCKY raise | unknown call | LUCKY fold
hcl_ivey_dwan_garrett_dense_120,LUCKY,DYLAN,Kh Td,3s 6d,Jh 5c 6c Js,,LUCKY fold | LUCKY bet | DYLAN call | LUCKY bet | LUCKY bet | DYLAN call | LUCKY bet | DYLAN call | DYLAN call | LUCKY bet | LUCKY bet | LUCKY call
hcl_ivey_dwan_garrett_dense_121,LUCKY,GARRETT,Kh Td,3s 3c,Jh 5c 6c Js,,LUCKY bet | GARRETT call | LUCKY bet | GARRETT call | LUCKY bet | GARRETT call | GARRETT call | LUCKY bet | LUCKY bet | LUCKY call
hcl_ivey_dwan_garrett_dense_122,unknown,GARRETT,Kh 2d,8c 3c,Jh 5c 6c Js,,unknown bet | GARRETT call | GARRETT call | GARRETT call | unknown call | GARRETT bet | LUCKY call
hcl_ivey_dwan_garrett_dense_124,KRISH,LUCKY,Kh 9c,8h 6d,Jh 5c Ah Js,,KRISH check | KRISH bet | LUCKY call | LUCKY call | LUCKY bet
hcl_ivey_dwan_garrett_dense_125,unknown,unknown,Kh 3h,4s 2h,Jh 5c Ah Js,,unknown call | unknown call | unknown raise | unknown bet | LUCKY bet | GARRETT calls
hcl_ivey_dwan_garrett_dense_126,unknown,unknown,Kh Td,4s 2h,Jh 5c Ah Js,,unknown call | unknown raise | unknown check | unknown raise | unknown call | unknown fold | GARRETT calls | DYLAN raises
hcl_ivey_dwan_garrett_dense_127,unknown,MATT,Kh Td,3s 3c,Jh 5c 6c Js,,unknown raise | MATT call | unknown check | unknown bet | MATT call | unknown call | DYLAN raises | DYLAN bet
hcl_ivey_dwan_garrett_dense_128,unknown,unknown,Kh 3h,3s 3c,Jh 5c 6c Js,,unknown check | unknown bet | unknown call | unknown call | unknown call | unknown raise | unknown call | DYLAN bet
hcl_ivey_dwan_garrett_dense_129,unknown,unknown,Kh Td,8c 3c,Jh 5c 6c Js,,unknown bet | unknown call | unknown call | unknown call | unknown fold
hcl_ivey_dwan_garrett_dense_130,unknown,unknown,Kh Td,8d 3c,Jh 5c 6c Js,,unknown check | unknown check | unknown fold | unknown call | LUCKY call
hcl_ivey_dwan_garrett_dense_131,unknown,unknown,Kh Jc,4s 3c,Jh 5c 2c Js,,unknown raise | unknown call | unknown fold | unknown check | LUCKY call
hcl_ivey_dwan_garrett_dense_132,unknown,unknown,As Jc,8h 6d,Jh 5c 6c Js,,unknown check | unknown call | unknown bet | unknown call | unknown call | unknown bet | unknown call
hcl_ivey_dwan_garrett_dense_133,KRISH,LUCKY,Kh 9c,4s 6d,,,LUCKY fold | KRISH fold | LUCKY call
hcl_ivey_dwan_garrett_dense_134,unknown,unknown,As Td,3s 3c,Jh 5c Ah,,unknown call | unknown raise | unknown fold | unknown fold | unknown call
hcl_ivey_dwan_garrett_dense_135,unknown,GARRETT,Kh 3h,3s 6d,Jh 5c 6c Js,,unknown call | GARRETT raise | GARRETT call | unknown fold
hcl_ivey_dwan_garrett_dense_136,unknown,unknown,Kh Td,3s 6d,Jh 5c 6c Js,,unknown check | unknown bet | unknown call | unknown call | unknown call
hcl_ivey_dwan_garrett_dense_137,LUCKY,LUCKY,Kc 3h,4s 6d,Jh 5c Ah Js,,LUCKY raise | LUCKY call | LUCKY bet
hcl_ivey_dwan_garrett_dense_138,unknown,LUCKY,Kc Qd,4s 2h,Jh 5c Ah Js,,unknown call | LUCKY bet | unknown bet | LUCKY call
hcl_ivey_dwan_garrett_dense_139,KRISH,unknown,5h 7s,4s 2h,Jh 5c 6c Js,,unknown raise | KRISH fold | KRISH bet | unknown call | KRISH bet | unknown call | KRISH call | unknown all in | KRISH call | unknown all in
hcl_ivey_dwan_garrett_dense_140,KRISH,unknown,5h 5d,4s 2h,Jh 5c 6c Js 5s,KRISH,KRISH bet | unknown call | KRISH bet | unknown all in | KRISH call | unknown all in | KRISH call | unknown all in | KRISH call
hcl_ivey_dwan_garrett_dense_143,LUCKY,unknown,Kc Td,8h 3c,Jh 5c Ah,,LUCKY call | unknown call | LUCKY bet | unknown call | LUCKY bet | unknown call | LUCKY raise | unknown call | unknown all in
hcl_ivey_dwan_garrett_dense_144,LUCKY,GARRETT,Kc Td,4s 3c,Jh 5c 6c,,LUCKY call | GARRETT raise | LUCKY raise | GARRETT call | GARRETT all in
hcl_ivey_dwan_garrett_dense_146,MATT,unknown,Kc 7s,4s 2h,5c Ah 2c,,
hcl_ivey_dwan_garrett_dense_148,unknown,unknown,Kh 3h,8h 3c,Jh 5c 6c Js,,unknown call | unknown fold
hcl_ivey_dwan_garrett_dense_150,LUCKY,GARRETT,Kh 9c,8h 3c,Jh 5c 6c Js,,LUCKY bet | GARRETT call | LUCKY bet | GARRETT call | LUCKY bet | GARRETT call | LUCKY bet | GARRETT call
hcl_ivey_dwan_garrett_dense_151,LUCKY,unknown,Kh 9c,3s 6d,Jh 5c 6c Js,,LUCKY bet | unknown call | LUCKY bet | unknown call | unknown call | unknown call | LUCKY bet | unknown call | LUCKY bet | unknown call | LUCKY call
hcl_ivey_dwan_garrett_dense_152,unknown,LUCKY,As Jc,3s 6d,Jh 5c 6c Js,,unknown call | LUCKY call | unknown bet | LUCKY call | unknown bet | LUCKY call | LUCKY check | LUCKY call
hcl_ivey_dwan_garrett_dense_154,unknown,unknown,As Td,3s 3c,Jh 7h Ah Jd,,unknown bet | unknown call | unknown check | unknown check | unknown call | unknown bet | unknown raise | unknown call
hcl_ivey_dwan_garrett_dense_155,unknown,unknown,Kh Td,3s 3c,Jh 5c Ah Js,,unknown raise | unknown call | unknown call | unknown raise | unknown call | unknown fold
hcl_ivey_dwan_garrett_dense_156,unknown,MATT,Kh 3h,4s 2h,7h 6c Js 5s,,MATT raise | unknown call | MATT call | unknown call | GARRETT call
hcl_ivey_dwan_garrett_dense_157,unknown,unknown,Kh 3h,8d 3c,Jh 5c Ah Jd 5s,split,unknown fold | unknown bet | unknown check | GARRETT call
hcl_ivey_dwan_garrett_dense_158,MATT,DYLAN,Kh 3h,3s 3c,Jh 5c 6c Js,,MATT call | DYLAN bet | MATT call | DYLAN bet | MATT check | MATT call | DYLAN bet | MATT call | DYLAN bet | MATT call | DYLAN bet
hcl_ivey_dwan_garrett_dense_159,LUCKY,unknown,Kh Qc,3s 6d,Jh 5c 6c Js,,LUCKY call | unknown bet | LUCKY call | LUCKY bet | unknown call | LUCKY bet | unknown call | LUCKY bet | unknown call | LUCKY bet
hcl_ivey_dwan_garrett_dense_160,LUCKY,unknown,Kh Qc,3s 6d,Jh 5c 2c Js,,LUCKY raise | unknown bet | LUCKY bet | unknown call | LUCKY bet | unknown call | LUCKY bet | unknown call | LUCKY bet
hcl_ivey_dwan_garrett_dense_161,LUCKY,GARRETT,5h Qc,3s 6d,Jh 5c 2c Js,,LUCKY bet | GARRETT call | LUCKY bet | GARRETT call | GARRETT call | LUCKY call | GARRETT bet | GARRETT bet | GARRETT bet | GARRETT bet | LUCKY bet
hcl_ivey_dwan_garrett_dense_162,unknown,GARRETT,As 7s,3s 6d,Jh 5c Ah Js,,GARRETT call | unknown call | GARRETT bet | unknown call | GARRETT bet | unknown fold | unknown raise | unknown check | GARRETT bet | GARRETT bet | LUCKY bet
hcl_ivey_dwan_garrett_dense_163,unknown,unknown,Kh Td,3s 6d,Jh 5c Ah Js,,LUCKY bet
hcl_ivey_dwan_garrett_dense_164,unknown,unknown,Kh 3h,3s 3c,Jh 5c 2c Js,,LUCKY bet
hcl_ivey_dwan_garrett_dense_166,unknown,unknown,As 3h,4s 2h,Jh 5c Ah Js,,LUCKY fold | LUCKY call
hcl_ivey_dwan_garrett_dense_167,unknown,unknown,Kc 9c,4s 2h,Jh 5c 6c Js,,LUCKY call
hcl_ivey_dwan_garrett_dense_168,unknown,unknown,Kh 2d,4s 6d,Jh 5c Ah 2c,,LUCKY bets
hcl_ivey_dwan_garrett_dense_169,unknown,unknown,As 9c,8h 3c,Jh 5c 6c Js,,LUCKY bets | LUCKY bet
hcl_ivey_dwan_garrett_dense_170,unknown,unknown,As Td,8c 3c,5c 6c Js,,
hcl_ivey_dwan_garrett_dense_171,unknown,unknown,Kh Td,3s 2h,5c Ah Js,,
hcl_ivey_dwan_garrett_dense_172,unknown,unknown,Kc Qd,3s 3c,Jh 5c 6c Js,,
hcl_ivey_dwan_garrett_dense_173,unknown,unknown,Kh 7s,3s 6d,Jh 5c 2c Js,,
hcl_ivey_dwan_garrett_dense_176,unknown,unknown,As 7s,3s 2h,Jh 5c 6c Js,,GARRETT fold
hcl_ivey_dwan_garrett_dense_177,unknown,unknown,As 7s,4s 2h,Jh 5c 6c Js,,
hcl_ivey_dwan_garrett_dense_178,unknown,unknown,As Td,8h 6d,Jh 5c Ah Js,,GARRETT call | LUCKY calls
hcl_ivey_dwan_garrett_dense_179,unknown,unknown,As Td,8h 6d,5c Ah Js,,LUCKY calls
hcl_ivey_dwan_garrett_dense_180,unknown,unknown,As 7s,3s 3c,Jh 5c 6c Js,,GARRETT bets
hcl_ivey_dwan_garrett_dense_182,unknown,unknown,Kh Td,3s 3c,Jh 5c 6c Js,,GARRETT call
hcl_ivey_dwan_garrett_dense_188,unknown,unknown,As Td,3s 4c,Jh 5c 6c Js,,GARRETT raise
hcl_ivey_dwan_garrett_dense_190,unknown,unknown,Kh Td,8h 3c,Jh 7h 6c Js,,LUCKY bet | LUCKY raise | GARRETT checks | GARRETT call
hcl_ivey_dwan_garrett_dense_192,unknown,unknown,As 9c,8h 3c,Jh 7h 6c Js 5s,unknown,GARRETT raise | GARRETT call
hcl_ivey_dwan_garrett_dense_193,unknown,unknown,As 9c,4s 2h,Jh 7h 6c Js 5s,unknown,GARRETT raise | GARRETT call
hcl_ivey_dwan_garrett_dense_195,unknown,unknown,Kh Td,4s 2h,Jh 5c 6c 3d,,LUCKY call
hcl_ivey_dwan_garrett_dense_196,unknown,unknown,5h 5d,4s 3c,Jh 5c 3d,,
hcl_ivey_dwan_garrett_dense_197,unknown,unknown,Kh 9c,4s 4c,,,
hcl_ivey_dwan_garrett_dense_198,unknown,unknown,Kh 7s,3s 3c,Jh 5c 6c Js,,LUCKY calls
hcl_ivey_dwan_garrett_dense_199,unknown,unknown,Kh 9c,3s 6d,Jh 5c 6c Js,,
hcl_ivey_dwan_garrett_dense_200,unknown,unknown,As 9c,4s 2h,Jh 5c 6c Js,,
